,Date,Site ,File name,Video/still,Lat,Lng,Description,Video length ,General Public Description
1,10/11/2018,34,Site_34_1,Video,-41.07571,174.2862,"Soft ""fluffy"" looking mud, brittle stars, microphytobenthos (microscopic algae)s, burrows, tracks",0:20,"On the soft ""fluffy"" mud, tracks and burrowing prints of common seafloor organisms such as brittle stars and molluscs can be seen."
2,10/11/2018,33,Site_33_1,Video,-41.08566,174.2646,"Soft ""fluffy"" looking mud, microphytobenthos (microscopic algae)s, burrows, tracks, octopus",0:24,"An octopus lies on soft-sediment near large fluffy microphytobenthos (microscopic algae)s, and small tracks and burrowing marks of other sea creatures."
3,10/11/2018,32,Site_32_1,Video,-41.0793,174.2557,"Soft ""fluffy"" looking mud, microphytobenthos (microscopic algae)s, burrows, tracks, fish, macroalgae, cushion star fish, hermit crab",0:24,"Large microphytobenthos (microscopic algae)s cover most of the seafloor. Starfish, hermit crabs and small invertebrate tracks and burrows can be seen."
4,10/11/2018,35,Site_35_1,Video,-41.1042,174.3036,"Rocky substrate, anemones, fish, eleven arm starfish, macroalgae, blue cod, starfish, sponges, urchins",0:20,"White sea anenomes are seen spread over rocky surfaces, also attached is an eleven-armed starfish, macroalgae, bright sponges and urchins."
5,10/11/2018,35,Site_35_2,Video,-41.10371,174.3037,"Urchins, blue cod, sea cucumbers, macroalgae, eleven arm starfish, brittle stars, shell hash, microphytobenthos (microscopic algae)s, tracks",0:24,"Blue cod swim over the shell hash, sea urchins and microphytobenthos (microscopic algae)s which dominate the seafloor, while the odd eleven-armed starfish, sea cucumbers, brittlestars and sponges are present on top."
6,10/11/2018,36,Site_36_1,Video,-41.10147,174.3068,"Urchins, blue cod, sea cucumbers, macroalgae, eleven arm starfish,  shell hash, horse mussel, sponges",0:26,Blue cod is seen grazing over shell hash and eleven-armed starfish. Small abundances of macroalgae is surrounded by a large amount of sea urchins and the occassional sea slug. 
7,10/11/2018,R1,Site_R1_1,Video,-41.10595,174.2871,"Soft ""fluffy"" looking mud, microphytobenthos (microscopic algae), tracks, scallops, macroalgae",0:21,Large areas of semi-green mats of microphytobenthos (microscopic algae) cover the soft mud floor. Tracks of different neighbouring species line the seafloor where small amounts of scollaps lie.
8,10/11/2018,R2,Site_R2_1,Video,-41.11569,174.2893,"Tube worms, urchins, blue cod, spotty, sea cucumbers, shell hash ",0:26,There are dense quantities of tube worms lying in the sand or attached to rocks next to urchins and sea cucumbers; cautiously watching are spotty fish and blue cod.
9,10/11/2018,R3,Site_R3_1,Video,-41.12336,174.2755,"Sponges, brittle star, horse mussel, shell rubble, sea cucumbers, cushion stars, blue cod, tube worms",0:23,"Shell rubble covers the seafloor whilst large horse mussels, tube worms, brittle stars and cushion stars attempt to find space. Dark sponges can also be seen"
10,10/11/2018,R4,Site_R4_1,Video,-41.12646,174.295,"Soft sediment , sea slug, sponges, turret shells, sea cucumber, urchins, sea snails",0:27,"Bright orange sponges are spotted peaking through the soft sediment, whilst sea slugs, sea cucumbers, turret shells, urchins and sea snails lie close."
11,10/11/2018,37,Site_37_1,Video,-41.12709,174.2853,"Soft sediment , eleven arm starfish, sponges, urchins, burrows, horse mussels, turret shells",0:21,"Bright orange sponges peak through the soft sediment whilst dense patches of tube worms are close by. The occassional eleven-armed starfish, sea urchins, horse mussels and turret shells is also present."
12,10/11/2018,28,Site_28_1,Video,-41.12142,174.2313,"Soft muddy sediment, many burrows, urchins",0:19,Soft sediment with the occassional urchin with little burrows of organisms; not much life can be seen here on the surface.
13,10/11/2018,29,Site_29_1,Video,-41.12814,174.2334,"Soft mud, burrows, fish, tube worms",0:20,Soft sediment with different sized burrows and tube worms
14,10/11/2018,R5,Site_R5_1,Video,-41.11621,174.2208,"Blue cod, Ancorinid sponge, spotties, tube worms, eleven arm starfish, tube worms, turret shells, tunicates, sea cucumbers",0:25,"Blue cod and spotty fish glide over the rocky surfaces, where sponges, tube worms and sea cucumbers can be seen over multiple turret shells. A few sea squirts are also present. "
15,10/11/2018,26,Site_26_1,Video,-41.13205,174.1797,"Soft muddy sediment, burrows, anemone, tube worms",0:10,Soft muddy sediment shows distinct burrow patterns and tube worms. 
16,10/11/2018,S30,Site_S30_1,Video ,-41.093044,174.244033,"Soft muddy sediment, burrows, tracks, microphytobenthos (microscopic algae), scallop, eleven arm starfish, fish ",0:13,"Dark microphytobenthos (microscopic algae)s, tracks and burrows cover the soft muddy sediment where you can see scallops, eleven-armed starfish and different types of fish."
17,10/11/2018,S34,Site_S34_P1,Still,-41.076778,174.281661,Brittle star,N/A,A large dark brittle star lies on the soft seafloor amongst some algae.
18,10/11/2018,S34,Site_S34_1,Video,-41.076839,174.281814,"Blue cod, macroalgae, star fish ",0:09,Macroalgae uses their holdfasts to anchor themselves to the seafloor. Blue cod and starfish can also be found within the algae. 
19,10/11/2018,ST2,Site_ST2_P1,Still,-41.108924,174.292922,"Anemone, horse mussels, macroalgae, sea cucumber",N/A,"Large horse mussels and a sea cucumber on the seafloor, with some scattered ulva (green algae)."
20,10/11/2018,ST2,Site_ST2_1,Video,-41.108894,174.294036,"Tarakihi, blue cod, urchins, macroalgae, spotty ",0:15,"Blue cod dash across the camera, whilst next to some macroalgae a school of tarakihi and a lone spotty swim. On a rocky outcrop with some macroalgae, a sea urchin hangs out."
21,10/11/2018,ST3,Site_ST3_1,Video,-41.100189,174.267471,Scallops,0:03,Scallop shells can be seen on the seafloor. These animals eat particles suspended in the water. 
22,10/11/2018,S31,Site_S31_1,Video,-41.093746,174.237243,"microphytobenthos (microscopic algae)s, tracks",0:03,"Microphytobenthos (microscopic algae) on the seafloor are disturbed by other seafloor-dwelling animals, leaving a criss-cross pattern of tracks. "
23,11/11/2018,43,Site_43_1,Video,-41.1946,174.1742,"Sponges, spotty, sea cucumber, urchins, tube worms, tunicates, blue cod",0:19,"A school of spotty fish dash around. Under a passing blue cod, sea cucumbers (dark, sausage-looking creatures, like ocean vacuums), tube worms, sea urchins and sea squirts amongst sponges are visible."
24,11/11/2018,42,Site_42_1,Video,-41.19149,174.1632,"Burrows, fish, tunicates, sponges, scallop, tube worms, horse mussels, brittle stars",0:56,"Scallops, sea urchins and horse mussels scatter tje deafloor. A brittle star also roams this soft seafloor. Below them are the burrows of the animals living below the sediment surface, creating a three-dimensional seafloor. Sponges and sea squirts are also present."
25,11/11/2018,40,Site_40_1,Video,-41.13403,174.3682,"Scallops, sponges, horse mussels, brittle star, microphytobenthos (microscopic algae)s, tracks, burrows,",0:17,"The pearl coloured shells of scallops lie on this seafloor. Behind some horse mussels, a brittle star hangs out. Also visible are sea sponges, microphytobenthos (microscopic algae)s and the tracks of seafloor dwelling creatures."
26,11/11/2018,41,Site_41_1,Video,-41.13554,174.3714,"Scallops, horse mussels, burrows, tracks, microphytobenthos (microscopic algae)s, sponges, brittle star, urchins, eleven arm starfish, blue cod, sea cucumbers, spotty ",0:23,"Scallops are visible on the soft surface. Horse mussels tower over microphytobenthos (microscopic algae)s marked with the borrows and tracks of sea organisms, like a highway. Echinoderms (brittle star, sea cucumbers, urchins,  eleven-armed starfish) hang out with sponges. Spotty and blue cod fish glide by. "
27,11/11/2018,R6 ,Site_R6_1,Video,-41.12863,174.3692,"Horse mussels, tube worms, brittle star, cushion star, urchins, sea cucumber, scallops",0:26,"Large horse mussel shells protrude from the seafloor. Amongst them, a brittle star's snake-like arms are visible. Tube worms, cushion stars and the dark elongated shapes of sea cucumber can be seen.  Scallops and urchins stand out. "
28,11/11/2018,R6 ,Site_R6_1,Still,-41.1281,174.3675,"Urchins, cushion star, eleven arm starfish, sea cucumber, ",N/A,"The soft sandy floor is alive with activity. A sea cucumber lies just above a cushion sea star, whilst in the background, eleven-armed starfish explore their surroundings with their tube feet. The spikey silhouette of sea urchins are also discernible. "
29,11/11/2018,R7,Site_R7_1,Video,-41.15591,174.3586,"Eleven arm starfish, horse mussel, microphytobenthos (microscopic algae), tracks, sponges, turret shell, urchins, blue cod, ",0:20,"An eleven-armed starfish sits on a horse mussel. The tracks of animals are visible amongst the microphytobenthos (microscopic algae)ts and sponges on the soft floor. A turret shell (sea snail) and sea urchins also inhabit this floor surface, whilst a blue cod swims above them. "
30,11/11/2018,R8,Site_R8_1,Video,-41.15201,174.3484,Tube worms,0:05,"Tube worms like those seen here play an incredibly important role in soft seabed ecology, moving water and sediment through the sediment. "
31,11/11/2018,R9,Site_R9_1,Video,-41.13666,174.3217,"Blue cod, sea cucumbers, tube worms, fish, eleven arm starfish, horse mussel",0:22,Blue cod fish swim above a seafloor dotted with sea cucumbers and tube worms. We can see an eleven-armed starfish and a horse mussel also call this patch of soft seafloor home.
32,11/11/2018,R10,Site_R10_1,Video,-41.16535,174.2903,"Eleven arm starfish, sea cucumber, blue cod, spotty, brittle star",0:24,"Spotty fish swim next to blue cod. Echinoderm members  (a brittle star, eleven-armed starfish and sea cucumbers) hang out."
33,11/11/2018,R11,Site_R11_1,Video,-41.17982,174.2834,"microphytobenthos (microscopic algae)s, tracks, urchins, eleven arm starfish, horse mussel, blue cod",0:22,"Highway-like tracks created by sea creatures are highlighted amongst microphytobenthos (microscopic algae)s.  An eleven-armed starfish, horse mussels, sea urchins and a cushion star are also present. A blue cod dashes across the camera."
34,11/11/2018,R12,Site_R12_1,Video,-41.18822,174.2529,"Urchins, sea cucumbers, sponges, blue cod, spotty, eleven arm starfish, octopus",0:23,"Sea urchins dot the seafloor alongside sea cucumbers. Sponges and a starfish lie on the shell-littered sandy surface.  Predatory blue cod, spotty fish and an octopus are here too."
35,11/11/2018,R13,Site_R13_1,Video,-41.18549,174.1717,"Urchins, sea cucumbers, tube worms, anemones, tunicates, sponges",0:16,"A living seafloor carpeted with sea squirts, tube worms, sponges and anemones. Sea urchins and cucumbers are also discernible. "
36,11/11/2018,E1,Site_E1_1,Video,-41.174461,174.314498,"Urchins, horse mussels, tube worm, starfish, carpet shark, gurnard, eagle rays, ",0:23,"The silhouettes of horse mussels protrude out of the sand. Tube worms, starfishs, and urchins also dwell on this seafloor. The predators carpet shark, eagle rays and gurnard are also present."
37,11/11/2018,E2,Site_E2_1,Video,-41.173965,174.322814,"Scallops, tubeworms, hermit crabs, spotty, blue cod, tracks, microphytobenthos (microscopic algae)s, eleven arm starfish, horse mussels, brittle stars",0:20,"Hermit crabs move amongst scallop shells, tube worms and microphytobenthos (microscopic algae)s. A spotty fish swims above animal tracks. Blue cod swim above eleven-armed starfish. Also spotted are brittle stars and horse mussels."
38,11/11/2018,E3,Site_E3_1,Video,-41.165531,174.333389,"Starfish, blue cod, spotty",0:11,The pale shape of a starfish stands out on a rock. Spotty and blue cod fish hang around.
39,11/11/2018,E4,Site_E4_1,Video,-41.173206,174.335266,"Horse mussel, brittle star, cushion star, gurnard, sea cucumber, spotty, eleven arm starfish",0:20,"A brittle star, eleven-armed starfish, sea cucumber and cushion star can be seen. A gurnard fish dashes away from the camera, whilst some spotty fish hang around some horse mussels."
40,11/11/2018,E4,Site_E4_P1,Still,-41.171764,174.333953,"Horse mussel, cushion star, brittle star",N/A,"Sitting on a horse mussel is a cushion star, while below it the snake-like arms of a brittle star are visible."
41,11/11/2018,E5,Site_E5_1,Video,-41.140956,174.357498,"Eleven arm starfish, horse mussel, urchins, sponges, blue cod, leather jacket, tube worms, sea cucumber, brittle star ",0:23,"Horse mussels jut out of the sand next to an eleven-armed starfish. Filter-feeding sponges and urchins are discernible, while a curious leather jacket and a blue cod swim above tube worms. A sea cucumber and brittle star stand out."
42,12/11/2018,E6,Site_E6_1,Video,-41.139602,174.299652,"Shell hash, rock fragments, silty bottom, urchin ",0:16,"This seafloor is composed of shell hash, rock fragments and silt. A sea urchin sits amongst the rocks.  "
43,12/11/2018,E7,Site_E7_1,Video,-41.13945,174.296981,"Blue cod, brittle star, sea cucumber",0:12,A blue cod dashes past the camera. The dark forms of a brittle star and sea cucumber stand out
44,12/11/2018,E8,Site_E8_1,Video,-41.173114,174.335266,"Horse mussel, brittle star, eleven arm starfish, blue cod",0:27,"A group of horse mussels stick out like teeth to filter feed. Brittle stars can be seen amongst the mussels. Eleven-armed starfish are visible, while a blue cod swims above the soft surface."
45,12/11/2018,E10,Site_E10_1,Video,-41.178127,174.28395,"Eleven arm starfish, blue cod",0:17,"Eleven-armed starfish explore their surroundings on their tube feet, while blue cod cruise above them."
46,12/11/2018,R14,Site_R14_1,Video,-41.19675,174.2605,"Burrows, eleven arm starfish, horse mussel",0:18,"In the soft substrate, sea-creature burrows leave gaping holes. Eleven-armed starfish and horse mussels live here."
47,12/11/2018,R15,Site_R15_1,Video,-41.1977,174.2549,"Urchin, horse mussels, blue cod, shell hash",0:23,"A sea urchin sits on the bottom, while a curious blue cod swims close to the camera. A filter-feeding horse mussel sticks out. "
48,12/11/2018,R16,Site_R16_1,Video,-41.20242,174.2519,"Urchin, horse mussels (dead & alive), cushion star, microphyto benthos (MPB), tracks",0:23,A sea urchin sits not too far away from a dead horse mussel. A cushion star and a living horse mussel stand out against microphytobenthos (microscopic algae) on the seafloor covered with animal tracks.
49,12/11/2018,R17,Site_R17_1,Video,-41.20078,174.2395,"Galeolaria, blue cod",0:23,"Blue cod dash around Galeolaria, a species of fanworm."
50,12/11/2018,R18,Site_R18_1,Video ,-41.20437,174.2306,"Leather jacket, eleven arm starfish",0:27,A curious leatherjacket fish pokes around. Below it lie eleven-armed starfish.
51,12/11/2018,R18,Site_R18_P1,Still,-41.20437,174.2306,"Golfball sponge, urchins, turret shells",N/A,Next to a sea urchin lies a golf ball sponge. Turret shells carpet this soft sediment seafloor.
52,12/11/2018,R19,Site_R19_1,Video,-41.21349,174.2339,"brittlestar, horse mussels, blue cod, burrows",0:25,Brittle stars and horse mussels can be seen. A blue cod fish swims past. Burrows are evident on the soft surface. 
53,12/11/2018,R20,Site_R20_1,Video,-41.21038,174.2037,"Galeolaria, blue cod, microphyto benthos (MPB) tracks",0:22,Blue cod and a spotty fish swim amongst Galeolaria fanworms. A carpet of microphytobenthos (microscopic algae) is criss-crossed with the tracks of sea creatures.
54,12/11/2018,R21,Site_R21_1,Video,-41.21772,174.1931,"Sponges, spottys, reef, eleven arm starfish, MPB tracks, blue cod",0:27,Sponges filter the water. Some cruising spotty fish are visible. A blue cod swims above the tracks through the microphytobenthos (microscopic algae). An eleven-armed starfish clings to the reef.
55,12/11/2018,R21,Site_R21_P1,Still,-41.21772,174.1931,"microphytobenthos (microscopic algae), burrows",N/A,Mats of microphytobenthos (microscopic algae) are punctured by the burrows of seafloor-dwelling creatures.
56,12/11/2018,R22,Site_R22_1,Video,-41.22175,174.164,"Dogfish shark, brittle stars, opal fish, flounder, octopus",0:27,"Large animals like the dogfish, brittle star, opal fish, flounder and octopus in this video play an important interacting ecological role in soft seafloors, disturbing the sediment and the algae community and predating on other animals."
57,12/11/2018,R22,Site_R22_P1,Still,-41.22175,174.164,"Flounder, brittle star",N/A,A flounder and a brittle star lie side by side.
58,12/11/2018,R23,Site_R23_1,Video,-41.22755,174.1669,"Leather jackets, cod, kelp, brittle stars",0:26,Leatherjackets and blue cod fish glide above kelp clinging to the bottom. Brittle stars spread their arms out.
59,12/11/2018,R24,Site_R24_P1,Still,-41.18137,174.1789,"microphytobenthos (microscopic algae), urchin, burrows",N/A,The microphytobenthos (microscopic algae) covered surface is interrupted by sea urchins and burrowing animals.
60,12/11/2018,R24,Site_R24_1,Video,-41.18,174.1795,"Algae, horse mussels, urchin",0:24,"Amongst a thick mat of algae, a horse mussel is visible. Horse mussels and a sea urchin also inhabit a sandy surface. "
61,12/11/2018,R25,Site_R25,Video,-41.18087,174.1724,"Algae, horse mussels, tube worms, flounder",0:20,Clumps of algae rest on the soft sediment. Horse mussels and tube worms create a three-dimensional floor surface. A flounder glides just above the seafloor. 
62,12/11/2018,R26,Site_R26_2,Video,-41.17782,174.1534,"Urchins, algae, eleven arm starfish, cushion stars, turret shells, ",0:24,Algae and sea urchins  dot the surface. An eleven-armed starfish explores the sandy surface not too far away from cushion stars. Turret shells are visible.
63,12/11/2018,R27,Site_R27_1,Video,-41.19372,174.1257,"Trigger fish, algae, horse mussels, sea cucumbers, turret shells, spotty, worm tubes",0:21,Spotty fish swim away. Two curious leatherjacket fish stay in view. Horse mussels and tube worms poke out of the sandy floor. Sea cucumbers blob on the sandy floor covered with turret shells.
64,12/11/2018,R27,Site_R27_P1,Still ,-41.1944,174.125,"Horse mussels, worm tubes, algae",N/A,"An algae-covered horse mussel protrudes out of the sandy floor, where next to it, worm tubes are visible. "
65,12/11/2018,R28,Site_R28_1,Video,-41.21264,174.1206,"Amazing horse mussel patch! Turret shells, spottys, scallops, sponges",0:29,"Spotty fish glide amongst a beautiful horse mussel patch. This patch is also home to scallops, sponges and turret shells (sea snail)."
66,12/11/2018,R29,Site_R29_1,Video,-41.22013,174.1382,"Galeolaria reef, anemones, bryozoans",0:23,A reef covered in Galeolaria (fan worms). Sea anemones and bryozoans add to the biodiversity of this reef. 
67,12/11/2018,R30,Site_R30_1,Video,-41.21468,174.1051,"Horse mussels, burrows",0:17,This seafloor is alive with the activity of burrowing animals and filtering horse mussels.
68,13/11/2018,R42,Site_R42_1,Video,-41.14241,174.2742,Tube worms,0:11,Patches of tube worms can impact the flow of water over the surface of a soft sediment bed. This has important consequences for seafloor processes involving nutrient and sediment movement between the seafloor and the water column above it.
69,13/11/2018,R43,Site_R43_1,Video,-41.13833,174.2964,"Banded wrasse, sponges, spottys, urchins, eleven arm starfish, turret shells, blue cod, microphytobenthos (microscopic algae), burrows",0:22,"Banded wrasse, blue cod, and spotty fish swim close the surface of this soft seafloor. Predatory eleven-armed starfish and herbivororous sea urchins also disturb the sediment surface where turret shells are also found. Sponges filter the water for small food particles. The pockmarks of burrowing animals disturb microphytobenthos (microscopic algae)s, creating a three dimensional surface."
70,13/11/2018,R44,Site_R44_1,Video,-41.16141,174.311,"Blue cod, tube worm, spotty , sponge, eleven arm starfish",0:23,Blue cod and spotty fish impact seafloor nutrient recycling with their predatation and excretion. Protruding tube worms and sponges are also a part of the biodiversity that impacts soft-sediment processes. Eleven-armed starfish move about. 
71,13/11/2018,R45,Site_R45_1,Video,-41.16672,174.2996,"Blue cod, cushion stars, burrows, spottys, eleven arm starfish, leather jacket, brittle stars, microphytobenthos (microscopic algae)",0:25,"Spotty, blue cod, leatherjacket fish can be seen. Eleven-armed starfish, cushion stars and brittle stars roam the seafloor, disturbing the sediment. microphytobenthos (microscopic algae) in mats can excrete a sticky mucous, sticking together sand particles. Burrowing animals disturb these mats. "
72,13/11/2018,R46,Site_R46_1,Video,-41.15633,174.2835,"Brittle stars, blue cod, ulva, turret shells, sea cucumber, spottys, leather jacket",0:26,"Echinoderms in this video are sea cucumbers and brittle stars. Blue cod, spotty and leatherjacket fish also inhabit this territory. Turret shells and ulva (green algae) can also be seen."
73,13/11/2018,R46,Site_R46_P1,Still,-41.156,174.2829,Blue cod,N/A,"Blue cod seen here, endemic to New Zealand, are predators that impact nutrient imput in soft sediment habitats."
74,13/11/2018,R47,Site_R47_1,Video,-41.16018,174.2736,"Spottys, ulva, blue cod, urchins, tube worms, sponges, sea cucumbers, octopus",0:20,"Ulva (green algae) stand out in the blue amongst blue cod and spotty fish. Urchins, tube worms, sea cucumbers and sponges dwell on this seafloor. An octopus disturbs the sediment with its movement."
75,13/11/2018,R48,Site_R48_1,Video,-41.15853,174.2395,"Urchins, brittle stars, ulva, sea cucumbers, blue cod, eleven arm starfish, sea horse, sponges, cushion stars, burrows, microphytobenthos (microscopic algae) ",0:28,"Soft seafloors are biologically diverse. Amongst microphytobenthos (microscopic algae) and blue cod we see sea urchins, eleven-armed starfish, cushion stars, sea cucumbers, and brittle stars. A seahorse is briefly seen. Sponges protrude from the seafloor. Animal burrows point to the hidden bustle of activity below the sediment surface, a surface covered in microphytobenthos (microscopic algae)s."
76,13/11/2018,R48,Site_R48_P1,Still,-41.15855,174.2395,"Blue cod, sea cucumber, eleven arm starfish, brittle stars",N/A,"Curious predatory blue cod dwell on the seafloor.  Brittle stars, an eleven-armed starfish and sea cucumber (all echinoderms) also disturb the sand with their movement and feeding. Their activity can impact the flux of nutrients across the seafloor-water column boundary."
77,13/11/2018,R40,Site_R40_1,Video,-41.11638,174.302,"Finger sponges, urchins, turret shells, brachiopods, brittle star, burrows",0:22,"Finger sponges stick out of the sediment. Brachiopods (shelled animals) also protrude from the sand, while an urchin grazes near by. The spindly arms of a brittle star are discernible. Burrowing animals impact the exchange of sediment and nutrient particles in seafloor habitats as they dig."
78,13/11/2018,R41,Site_R41_1,Video,-41.13308,174.2674,"Blue cod, tube worms, ulva, sea cucumber, eleven arm starfish, turret shells",0:19,"Tube worms create a three-dimensional surface, where ulva (green algae) stand out. Above them, blue cod swim. An eleven-armed starfish and sea cucumber take refuge. Turret shells litter the sand. "
79,13/11/2018,R39,Site_R39_1,Video,-41.10994,174.2973,"Sea cucumbers, starfish, blue cod, eleven arm starfish, sponges, urchins, tarakihi, turret shells",0:25,"Sea cucumbers (dark and sausage-like) can be desposit feeders, ingesting particles on the seafloor. Among them sits an eleven-armed starfish. Sponges and sea urchins are visible, and above them swim blue cod and takakihi fish. Turret shells litter the seafloor. "
80,13/11/2018,R38,Site_R38_1,Video,-41.12353,174.3185,"Sea cucumbers, turret shells, brittle stars, urchins, sponges, ",0:24,"Sea cucumbers are also known as holothurians. Next to them are brittle stars with long spindly arms. Urchins, sponges and turret shells are also visible on the seafloor."
81,13/11/2018,R37,Site_R37_1,Video,-41.11785,174.3151,"Sea cucumbers, urchins, blue cod, spottys, tarakihi, sponges, opal fish, tube worms",0:20,Urchins and sea cucumbers roam the rocks and sand. Blue cod and schools of spotty and tarakihi swim. A brittle star takes refuge at the base of a sponge. An opal fish follows the camera lights. Tube worms protrude from the sand - they can impact ecological processes both above and below the surface of the seafloor.
82,13/11/2018,R36,Site_R36_1,Video,-41.09462,174.3233,"Brittle stars, tracks, microphytobenthos (microscopic algae)s, urchins, opal fish, sponges, hermit crab",0:22,"Amongst microphytobenthos (microscopic algae)ts criss-crossed with the tracks of epifauna (animals living on the seafloor surface), a brittle star and sea urchin are visibile. An opal fish dashes away from the camera. A hermit crab slowly crawls away."
83,13/11/2018,R35,Site_R35_1,Video,-41.09809,174.31344,"Banded wrasse, marble fish, sea cucumbers, anemones, trevally, eleven arm starfish, urchins, sponges, brittle stars",0:27, Banded wrasse and marble fish cruise above sea cucumbers and sea urchins. Trevally swim above sea anemones. Eleven-armed starfish and brittle stars rest near sponges.
84,13/11/2018,R35,Site_R35_P1,Still,-41.09908,174.3155,"Brittle star, turret shell",N/A,An orange brittle star rests near a turret shell.
85,13/11/2018,R34,Site_R34_1,Video,-41.11649,174.3302,"Anemones, brittle stars, urchins, blue cod, sponges, ulva, turret shells, carpet shark, sea cucumber",0:21,The striking shapes of sea anemones and brittle stars stand out. Sea cucumbers and urchins move across the floor. Blue cod dash about. A carpet shark camouflages in the sand amongst ulva and turret shells.
86,13/11/2018,R33,Site_R33_1,Video,-41.11174,174.3602,"Urchins, blue cod, sea cucumber, brittle stars, turret shells, eleven arm starfish, sponges, octopus",0:25,"Brittle stars, eleven-armed starfish, urchins and sea cucumbers roam about this seafloor littered with some turret shells. A curious octopus makes a grab for the camera weight. Sponges feed on particles suspended in the water."
87,13/11/2018,R31,Site_R31_1,Video,-41,174.3728,"Tarakihi, blue cod, eleven arm starfish, brittle star, ulva",0:28,"A tarakihi fish crosses the camera. Brittle stars rest among ulva (green algae), while blue cod investigate above. A lone eleven-armed starfish rests on the sand."
88,13/11/2018,R32,Site_R32_1,Video,-41.10286,174.3616,"Sea cucumbers, sponges, burrows, microphytobenthos (microscopic algae), tracks, anemones, macroalgae, hermit crab, eleven arm starfish",0:24,microphytobenthos (microscopic algae) (algae) excrete a sticky mucous and form mats. This living mat is disturbed by tracks and borrows. Sea anemones stand out starkly amongst a clump of macroalgae. An eleven-armed starfish shelters in a sandpit. A hermit crab makes a home in a turret shell. The dark shape of a sea cucmber stands out against the green.
89,13/11/2018,L1,Site_L1_1,Video,-41.109237,174.285156,"Ditom mats, tracks, burrows, cushion star, eleven arm starfish, urchins, dogshark",0:19,"microphytobenthos (microscopic algae)s (patterned here with tracks and burrows) are part of the microphyotobenthos (MPB) community. MPB provide an important food source for seafloor dwelling animals, as it is rich in protein. This energy supports higher trophic levels: a dogfish  crosses the camera.  Eleven-armed starfish, cushion stars and sea urchins are present here. "
90,13/11/2018,L1,Site_L1_P1,Still,-41.104644,174.283309,Eleven arm starfish,N/A,"An eleven-armed starfish uses its tube feet to move about and explore its surroundings, searching for food."
91,13/11/2018,L2,Site_L2_1,Video,-41.103275,174.295135,"Cushion stars, microphytobenthos (microscopic algae)s, burrows, sea cucumbers, sea snails",0:18,"microphytobenthos (microscopic algae)s provide important ecosystem functions such as primary productivity on the seafloor and sediment stability. Amongst animal burrows cushion stars, sea snails (sea snails) and sea cucumbers are visible. "
92,13/11/2018,L4,Site_L4_1,Video,-41.080188,174.278488,"Starfish, gurnard",0:07,A starfish is visible. A gurnard fish dashes away.
93,13/11/2018,L5,Site_L5_1,Video,-41.102893,174.308456,"Sea cucumbers, spotty, blue cod, urchins, eleven arm starfish, cushion stars",0:14,"Sea cucumbers travel this seafloor. Sea urchins, eleven-armed starfish, and cushion stars also roam this seafloor. A spotty and blue cod fish cross the camera. "
94,13/11/2018,L5,Site_L5_P1,Still,-41.103221,174.308517,"Shells, cushion stars",N/A,Shells on the sandy surface provide habitat for a cushion star. 
95,13/11/2018,L6,Site_L6_1,Video,-41.171352,174.231109,"Fish, sea cucumbers, burrows, sponges, tracks, microphytobenthos (microscopic algae)s, eleven arm starfish, brittle stars",0:24,"Fish, sponges, sea cucumbers, eleven-armed starfish and brittle stars are a part of the visible biodiversity on this seafloor. Tracks are visible. Burrows indicate the activity taking place below the sediment."
96,13/11/2018,L7,Site_L7_P1,Still,-41.12886,174.192367,"Tube worms, sea cucumber",N/A,"Biogenic habitats, such as this one created by tubeworms, can impact water flow and soft-sediment processes like sediment stability and the settlement of other animals. The dark silhouette of a sea cucmber stands out in the middle."
97,14/11/2018,B1,Site B1_1,Video,-41.159934,174.24562,"Sea cucumber, urchins, spotty, tube worms",0:07,"Spotty fish swim above sea urchins, a sea cucumber and tube worms. "
98,14/11/2018,B1,Site B1_P1,Still,-41.1595,174.24707,"microphytobenthos (microscopic algae), tube worm case, soft mud",N/A,"On this soft mud floor microphytobenthos (microscopic algae)s, a microbial community, excrete a sticky substance that can impact proccesses like nutrient exchange. A tube worm case stands out in the centre."
99,14/11/2018,B2,Site_B2_P1,Still,-41.170433,174.248336,"Urchin, brittle stars",N/A,Brittle stars and sea urchins are among the animals that travel across the seafloor in search of food. 
100,14/11/2018,B2,Site_B2_1,Video,-41.170604,174.248168,"Cushion stars, urchin",0:12,Cushion stars and sea urchins travel the seafloor in search of food on their tube feet.
101,14/11/2018,B3,Site_B3_1,Video,-41.180633,174.257293,"Blue cod, spotty, eleven arm starfish, sea cucumber, tarakihi",0:17,"Spotty, blue cod and tarakihi fish play important predatory roles. Eleven-armed starfish and sea cucumbers roam the seafloor."
102,14/11/2018,B4,Site_B4_P1,Still,-41.202476,174.251327,Shells,N/A,Shells provide habitat for seafloor creatures. Structural habitats like this are important for biodiversity.
103,14/11/2018,B5,Site_B5_P1,Still,-41.205326,174.232315,"Tube worms, sea urchin ",N/A,"A sea urchin sits close to tube worms. Though animals such as these can be described as having 'alien qualities,' they have inhabited earth for longer than humans. "
104,14/11/2018,B6,Site_B6_1,Video,-41.207187,174.229522,"Spotty, brittle star, turret shells ",0:05,"Turret shells and a brittle stars are visible. Above them, spotty fish swim."
105,14/11/2018,B7,Site_B7_P1,Still,-41.209537,174.20346,Eleven arm starfish,N/A,Eleven-armed starfish walk on the seafloor using their many tiny tube feet. These starfish are part of soft-sediment processes like consuming prey and providing organic matter for breakdown.
106,14/11/2018,B7,Site_B7_P2,Still,-41.208515,174.204666,"Muddy bottom, pits",N/A,"A muddy bottom with pits. The few first centemetres underneath the surface of soft seafloors can be a home for 'alien-like' animals. Moving in their tunnels, animals living within the sediment can affect the flow of oxygen and organic material from the surface to some depth within the mud. Too much mud however, can choke these animals."
107,15/11/2018,N2,Site_N2_P1,Still,-41.111576,174.147872,"Algae, starfish, cushion stars",N/A,The pale shape of a starfish stands out amongst the algae on a soft seafloor. Cushion stars are also visible. 
108,15/11/2018,N4,Site_N4_P1,Still,-41.117557,174.161178,"Turret shells, sponge",N/A,Turret shells (visible here) can be either predators or algae grazers depending on their species. A sponge can also be seen here.
109,15/11/2018,N4,Site_N4_P2,Still,-41.117565,174.161163,Turret shells,N/A,"Amongst a bed of shells, turret shells are easily recognised by their conical shape. Importantly, the process of shell formation contributes to many ecosystem functions like carbon sequestration."
110,15/11/2018,N4,Site_N4_P3,Still,-41.117584,174.161132,"Sponges, horse mussel shell, tube worm",N/A,"The distinct shapes of a horse mussel shell and tube worm can be seen here. Sponges (yellow, round in this image) filter the water for food particles. "
111,15/11/2018,N7,Site_N7_P1,Still,-41.164165,174.187042,"Tube worms, urchin covered in shell fragments",N/A,Tube worms protrude from the seafloor. A sea urchin has covered itself in shell fragments as camouflage. There are different reasons suggested for covering behaviour in urchin species including protection from predators and UV light
112,15/11/2018,R57,Site_R57_1,Video,-41.1336,174.2104,"Blue cod, sea cucumbers, sponges, turret shell, cushion star, spotty, sea urchin",0:26,"Blue cod and spotty fish swim above a seafloor with roaming holothurians (sea cucumbers). A cushion star is also discernible. Turret shells, filtering sponges and sea urchins also stand out. "
113,15/11/2018,R56,Site_R56_1,Video,-41.21209,174.0589,"Spotty, urchins, horse mussel, sponges, sea cucumber, eleven arm starfish, ",0:34,"A spotty fish briefly crosses the camera. Horse mussels and sponges protrude from the floor, and create three dimensional habitat structure for other animals. Eleven-armed starfish, sea urchins and sea cucumbers dwell amongst them."
114,15/11/2018,R55,Site_R55_1,Video,-41.22181,174.0403,"Eleven arm star fish, urchins, sea cumcumber, blue cod, spotty, horse mussel, leather jacket, tube worm structure",0:29,"Eleven-armed starfish, sea urchins and sea cucumbers slowly move below blue cod and spotty fish. Tube worms filter water, building a protruding structure above the sediment surface. A curious leather jacket investigates the camera weight.  Horse mussels are visible in the murky water."
115,15/11/2018,R54,Site_R54_1,Video,-41.22946,174.0201,"Horse mussel, tube worms, sea cucumbers, sponges",0:26,"A filtering horse mussel closes its valves together as it senses movement. Horse mussels can provide a surface or shelter for other organisms, such as tube building worms and sponges. Sea cucumbers can feed on sand, ingesting it to extract nutrients as it ploughs forward. Sponges can also be seen."
116,15/11/2018,R53,Site_R53_1,Video,-41.22386,174.0025,"Urchins, rocky reef, encrusting sponges, sponges, leather jacket, spotty, tunicates, cushion stars, tube worms, eleven arm starfish, horse mussel ",0:23,"A leatherjacket and spotty fish swim above a rocky reef studed with spiky sea urchins. A cushion star and sea squirts (filter feeding animals) dot the surface of the reef. An eleven-armed starfish, a protruding sea sponge, tube worms, and a horse mussel are also present. "
117,15/11/2018,R52,Site_R52_1,Video,-41.23647,173.9793,"Urchins, encrusting sponges, tube worms, tunicates, horse mussel, eleven arm starfish, fish, sponges, cushion star",0:23, A living rocky reef dotted with sea urchins. Sponges (yellow) encrust the rock. Next to the encrusting sponges are tube worms and sea squirts. A fish dashes by in the background. An eleven-armed starfish is just visible. A cusion starfish clings to a horse mussel valve.
118,15/11/2018,R51,Site_R51_1,Video,-41.25532,173.9554,"Tunicates, tube worms, sponges, sea cucumbers, spotty, eleven arm starfish, horse mussel",0:25,Sea squirts are filter feeding animals. Other animals present here include sea cucumbers and sponges. A spotty fish swims by. An eleven-armed starfish is also present (of the genus Coscinasterias). Tube worms and horse mussels protrude from the seafloor. In great numbers they can influence the flow of water over the seafloor. 
119,15/11/2018,R50,Site_R50_1,Video,-41.27333,173.9228,"Horse mussel, eleven arm starfish, tunicates, sea cucumbers",0:23,Horse mussel shells provide a substrate upon which other animals can cling to. The faint shape of an eleven-armed starfish is visible. Sea cucumbers traverse the seafloor and sea squirts filter the water. 
120,15/11/2018,R49,Site_R49_1,Video,-41.27126,173.965,"Cushion stars, sponges, burrows, tracks, microphytobenthos (microscopic algae)s",0:14,"Cushion stars and sponges are part of the epifauna (animals that live on the seafloor). Across microphytobenthos (microscopic algae)ts, tracks of animals are visible. Burrows hint at the activity of infauna (animals living in the seafloor)."
121,15/11/2018,D48,Site_D48_1,Video,-41.25388,173.9739,"Fish, sea cucumbers, leather jacket, tufts of algae, tube worms, sponges, tarakihi, eleven arm star fish, corraline algae",0:24,"Leatherjacket and tarakihi fish swim about. Among tufts of algae, sea cucumbers roam. On a rocky reef, white tube worms stand out. An eleven-armed starfish clings to the rocks. Coralline algae paint a rock in pink hues, and tube worms and a sea squirt can be seen here."
122,15/11/2018,D49,Site_D49_1,Video,-41.26423,173.9652,"Horse mussels, scallops, sponges, tube worms, sea cucumbers, eleven arm star fish, spotty, fish, tunicates",0:26,"Horse mussels and scallops scattered on the seafloor filter the water. They also undertake ecosystem functions like carbon sequestration and nutrient recycling as they grow and build their shells. Other filterers present here are sea squirts and sponges (though some sponges can be classified as carnivores). Tube worms, sea cucumbers and an eleven-armed starfish can also be seen. Spotty fish swim about."
123,9/11/2018,,G0367017.JPG,Still,-41.12603498,174.2424216,Urchin barren with sea cucumbers and high sediment cover,N/A,Here is an urchin barren with high sediment cover. Sea cucumbers and a brittle star stand out.
124,9/11/2018,,G0527499.JPG,Still,-41.14215253,174.2195719,Shallow urchin barren with sea cucumbes and high sediment cover,N/A,"Shallow rubble with sediment cover is dotted with sea urchins, starfishs, algae and sea cucumbers."
125,9/11/2018,,G0858494.JPG,Still,-41.1370793,174.2036383,Barren with few urchins and high sediment cover,N/A,This rocky bottom habitat is barren with high sediment cover and a few sea urchins. Sediments can originate from land-based activities.
126,12/11/2018,,GOPR0013.JPG,Still,-41.106755,174.3010783,Carpophyllum flexosum forest,N/A,A beautiful Carpophyllum flexuosum (macroalgae) forest. Growth of these algae provide important functions like primary production (producing food using the sun's light) and habitat formation for marine invertebrates and fish.
127,12/11/2018,,GOPR0052.JPG,Still,-41.114705,174.2880917,Urchin barren on boulders,N/A,A few sea urchins dot boulders in this barren. 
128,12/11/2018,,GOPR0113.JPG,Still,-41.12669667,174.2742233,Urchin barren with Undaria,N/A,An urchin barren lacking the forest-like cover of large seaweeds. 
129,12/11/2018,,GOPR0138.JPG,Still,-41.13128667,174.2692733,Urchin barren and seasonal algae,N/A,This image shows an urchin barren with seasonal algae. 
130,12/11/2018,,GOPR0171.JPG,Still,-41.13270833,174.2670133,Urchin barren and Undaria,N/A,An urchin barren with the introduced seaweed Undaria is pictured here.
131,12/11/2018,,GOPR0212.JPG,Still,-41.12822333,174.2695617,Macrocystis and Carpophyllum flexosum,N/A,"A close up the kelp Macrocystis, with small air bags at the base of the blades. At the top right corner is the brown seaweed Carpophyllum flexuosum. Kelp forests can be impacted by many factors that can interact, such as overgrazing by urchins and rising sea temperatures."
132,12/11/2018,,GOPR0255.JPG,Still,-41.14010833,174.30111,Urchin barren,N/A,"An urchin barren with sea urchins, sea cucumbers and tube worms. "
133,12/11/2018,,GOPR0325.JPG,Still,-41.13651667,174.322055,Urchin barren,N/A,"An urchin barren, with no large brown seaweeds. Many environmental factors can impact the presence and absence of macroalgae."
134,12/11/2018,,GOPR0440.JPG,Still,-41.16364667,174.2754117,"Sand, rubble and sea cucumbers",N/A,This rocky bottom is covered in sand and rubble particles. Sea cucumbers are visible. 
135,12/11/2018,,GOPR0467.JPG ,Still,-41.18135833,174.2462567,Deep reef with Galeothrix and high sedimend cover,N/A,A biogenic reef with Galeolaria tube worms. This reef has a high sediment cover. 
136,13/11/2018,,GOPR0481.JPG,Still,-41.12511707,174.3064732,Carpophyllum mashlocarpum fringe reef and urchin barren,N/A,A reef fringed with the brown seaweed Carpophyllum maschalocarpum. An urchin barren is also apparent. 
137,13/11/2018,,GOPR0508.JPG,Still,-41.12633588,174.3039928,Carpophyllum mashlocarpum,N/A,A lush clump of the brown seaweed Carpophyllum maschalocarpum. Seaweed growth not only underpins the function of habitat diversity but also functions like nutrient recycling and decomposition.
138,13/11/2018,,GOPR0553.JPG,Still,-41.11750375,174.315844,Urchin barren and seasonal algae,N/A,"Urchins creep over the rocks in this barren, caused possibly by their overgrazing on seaweed. Seasonal algae provide sparse cover."
139,13/11/2018,,GOPR0607.JPG,Still,-41.11730162,174.3159036,Carpophyllum flexosum,N/A,"Carpophyllum flexuosum, a brown seaweed, covering the rocks."
140,13/11/2018,,GOPR0680.JPG,Still,-41.12218738,174.339427,Urchin barren,N/A,Sea urchins (echinoderms) stand out on the bare rocks in this urchin barren.
141,13/11/2018,,GOPR0777.JPG,Still,-41.11575133,174.3490684,Ecklonia forest,N/A,"Within an Ecklonia radiata, kelp, forest, a starfish is visible. "
142,13/11/2018,,GOPR0810.JPG,Still,-41.11626197,174.3497016,Ecklonia and Carpophyllum flexosum,N/A,The brown seaweed Carpophyllum flexuosum covers the rocks (left). Ecklonia radiata grows next to it (right and top left).
143,13/11/2018,,GOPR0838.JPG,Still,-41.10610012,174.3662952,Ecklonia and Carpophyllum flexosum,N/A,Lush clumps of the brown seaweeds Carpophyllum flexuosum and Ecklonia radiata sway with the tide. Seaweeds contribute to marine primary production as they photosynthesise.
144,13/11/2018,,GOPR0915.JPG,Still,-41.09014035,174.3768332,Ecklonia forest,N/A,An Ecklonia radiata forest provides a safe hiding place for marine life.
145,13/11/2018,,GOPR0998.JPG,Still,-41.08881073,174.3763501,Urchin barren and seasonal algae,N/A,An urchin barren reveals bare rocks and members of echinodermata (starfishs and sea urchins).
146,13/11/2018,,GOPR1046.JPG,Still,-41.08876555,174.3793022,Carpophyllum mashlocarpum and Lessonia variegata,N/A,"The blades of the brown seaweeds, Carpophyllum maschalocarpum and Lessonia variegata (fettuccine-like), lushly cover rocks. They are an important part of the biodiversity found in rocky reef habitats."
147,13/11/2018,,GOPR1081.JPG,Still,-41.0880789,174.3821429,Ecklonia and Lessonia variegata,N/A,Ecklonia radiata and Lessonia variegata algae blades.
148,13/11/2018,,GOPR1173.JPG,Still,-41.07720183,174.3608587,Eklonia and Carpophyllum flexosum,N/A,Carpophyllum flexuosum (centre and bush-like) and Ecklonia radiata sway with the tide. Macroalgae such as these support fish populations.
149,13/11/2018,,GOPR1224.JPG,Still,-41.07727693,174.3617285,Caulerpa brownii,N/A,"The snake-like arms of a brittle star stand out amongst the blades of the native green algae, Caulerpa brownii."
150,13/11/2018,,GOPR1248.JPG,Still,-41.07552093,174.3594812,Eckonia forest,N/A,"An Ecklonia radiata forest. Many stressors threaten forests such as these, including threats from land-based activities. "
151,13/11/2018,,GOPR1270.JPG,Still,-41.07591782,174.3590601,Ecklonia and Lessonia variegata forest,N/A,An Ecklonia radiata and Lessonia variegata forest. These brown macroalgae are a considerable source of organic matter that fuels coastal marine foodwebs. 
152,13/11/2018,,GOPR1314.JPG,Still,-41.0835074,174.2807182,Ecklonia and Carpophyllum flexosum forest,N/A,A Carpophyllum flexuosum (left) and Ecklonia radiata (right) forest cover rocks and provide shelter for marine creatures. 
153,13/11/2018,,GOPR1358.JPG,Still,-41.10076625,174.2760575,Urchin barren,N/A,Urchin barrens dotted with many sea urchins and sea cucumbers. 
154,14/11/2018,,GOPR1396.JPG,Still,-41.15726192,174.2363605,Urchin barren,N/A,An urchin barren.
155,14/11/2018,,GOPR1436.JPG,Still,-41.15739368,174.2451408,Urchin barren,N/A,An urchin barren may be caused by factors such as land-based activities and targeted fishing of predators that eat and control urchin populations.
156,14/11/2018,,GOPR1462.JPG,Still,-41.2088076,174.1950008,Urchin barren,N/A,An urchin barren dotted with many sea urchins. 
157,14/11/2018,,GOPR1502.JPG,Still,-41.20910445,174.1943566,Undaria forest,N/A,A patchy forest of the seaweed Undaria.
158,14/11/2018,,GOPR1533.JPG,Still,-41.22091868,174.1760385,Carpophyllum flexosum forest with Undaria,N/A,A rocky reef with Undaria and Carpophyllum flexuosum seaweed.
159,14/11/2018,,GOPR1573.JPG,Still,-41.22289653,174.1747752,Forest,N/A,An underwater forest.  These are important to protect and connect to other forests for ecological function now and in the future. 
160,14/11/2018,,GOPR1636.JPG,Still,-41.23586305,174.1618122,Carpophyllum flexosum forest on cobbles,N/A,A Carpophyllum flexuosum forest on cobble stones. 
161,14/11/2018,,GOPR1664.JPG,Still,-41.2389447,174.1605832,Urchin barren,N/A,"An urchin barren. This barren is bare of habitat structuring macroalgae, whose functions contribute to several ecosystem services, including food production."
162,14/11/2018,,GOPR1683.JPG,Still,-41.24234562,174.1722175,Carpophyllum flexosum forest on cobbles,N/A,A patch of Carpophyllum flexuosum seaweed cover some cobbles. 
163,14/11/2018,,GOPR1712.JPG,Still,-41.24251308,174.1723849,Sand and gravel wiht urchins and drift algae,N/A,A seafloor composed of sand and gravel. Urchins and drifting algae are visible. 
164,14/11/2018,,GOPR1726.JPG,Still,-41.25087457,174.158746,Urchin barren,N/A,An urchin barren. Predators of sea urchins include the heavily fished species blue cod and rock lobsters.
165,14/11/2018,,GOPR1776.JPG,Still,-41.24776807,174.1505438,Undaria forest with high sediment cover,N/A,"An Undaria seaweed forest powdered with a high sediment load, an ecological stressor. A high sedimentation load can be the result of landbased activities. "
166,14/11/2018,,GOPR1798.JPG,Still,-41.2325597,174.1464303,Urchin barren,N/A,A rocky bottom is bare of seaweeds and barren from the activity of sea urchins.
167,14/11/2018,,GOPR1817.JPG,Still,-41.23141902,174.1466123,Undaria forest,N/A,An underwater forest composed of the brown seaweed Undaria. 
168,14/11/2018,,GOPR1851.JPG,Still,-41.2199231,174.1386331,Urchin barren with Galeothrix,N/A,"A rocky reef in an urchin barren state. The tubes of tube worms are visible on the right, creating biogenic structure on the reef. "
169,14/11/2018,,GOPR1868.JPG,Still,-41.21575462,174.1442621,Mixed algae on cobbles and gravel,N/A,A rocky seafloor bottom composed of cobble and gravel partly covered by a mixed algae community. The biodiversity that underpins ecosystem function is not only composed of animals but importantly also photosynthesising organisms like algae. 
170,14/11/2018,,GOPR1881.JPG,Still,-41.21575905,174.1451843,Seasonal algae,N/A,Urchins dot a seafloor clothed in seasonal algae. 
171,14/11/2018,,GOPR1919.JPG,Still,-41.21487372,174.153713,"Undaria, seasonal algae and urchin barren",N/A,A patch of seasonal algae and Undaria kelp stand out amongst the bare rocks of an urchin barren. 
172,14/11/2018,,GOPR1947.JPG,Still,-41.08939333,174.2468933,Mixed substrate barren with high sediment cover,N/A,"A rocky barren with high sediment cover. Barren habitats lack the cover of ecologically significant algae, like brown seaweeds, that play an important role in marine productivity. "
173,14/11/2018,,GOPR1972.JPG,Still,-41.08910652,174.2492782,Urchin barren,N/A,"In this urchin barren, sea cucumbers and sea urchins clearly stand out against the rocks. "
174,15/11/2018,,GOPR2079.JPG,Still,-41.25516895,173.9685834,Carpophyllum flexosum fringe reef,N/A,This fringe reef is clothed in the brown seaweed Carpophyllum flexuosum. 
175,15/11/2018,,GOPR2106.JPG,Still,-41.25520932,173.9682949,Cobbles and gravel with high sediment cover,N/A,Gravel and cobbles are covered with sediment. 
176,15/11/2018,,GOPR2118.JPG,Still,-41.25603853,173.9588469,Carpophyllum flexosum forest,N/A,A Carpophyllum flexuosum forest covers this rocky seafloor. 
177,15/11/2018,,GOPR2143.JPG,Still,-41.26500777,173.9656301,Carpophyllum flexosum forest,N/A,Urchins creep amongst a Carpophyllum flexuosum forest. 
178,15/11/2018,,GOPR2161.JPG,Still,-41.26482895,173.9655255,Urchin barren with Undaria patches,N/A,A few patches of Undaria seaweed stick out in this urchin barren. Urchins graze on algae like brown seaweeds. 
179,15/11/2018,,GOPR2202.JPG,Still,-41.2593433,173.9998272,Urchin barren with Undaria patches,N/A,An urchin barren with patches of the seaweed Undaria provides little seafloor cover. 
180,15/11/2018,,GOPR2251.JPG,Still,-41.25813642,174.0088846,Barren reef with high sand cover,N/A,"This  reef has a high sand cover and is in a barren state, with no marcoalgae (large seaweed) cover."
181,15/11/2018,,GOPR2283.JPG,Still,-41.25835345,174.009746,Undaria forest,N/A,"A close up of an Undaria forest. Thick patches of brown seaweeds such as this one is a source of organic matter that can entre the foodweb of the Sounds, traveling through the food chain."
182,15/11/2018,,GOPR2315.JPG,Still,-41.23984012,174.0267278,Urchin barren,N/A,This rocky bottom is in a barren state. Spiky sea urchins dot the seafloor. 
183,15/11/2018,,GOPR2359.JPG,Still,-41.23947248,174.0312704,Mixed weed fringe reef with Undaria,N/A,A fringe reef is covered with Undaria and other seaweeds.
184,15/11/2018,,GOPR2404.JPG,Still,-41.22730002,174.0831686,Galeothrix and urchin barren,N/A,"The tube worms, Galeolaria hystrix, secrete tubes as homes and capture food particles in the water. They stand out in this urchin barren, providing habitat for other species in the reef."
185,15/11/2018,,GOPR2421.JPG,Still,-41.22599578,174.0871703,Urchin barren with patches of Undaria,N/A,Patches of the seaweed Undaria contrast against the surrounding bare rock in this urchin barren. 
186,15/11/2018,,GOPR2471.JPG,Still,-41.22178143,174.1166335,Urchin barren,N/A,An urchin barren lacking the cover of brown macroalgae (large seaweeds).
187,15/11/2018,,GOPR2495.JPG,Still,-41.22032528,174.1196443,Urchin barren with Galeothrix,N/A,Tube worms Galeolaria hystrix are habitat structuring animals. Their growth can influence the flow of water over the seabed and provide habitat for other animals. Patches of Galeolaria stand out in this urchin barren. 
188,15/11/2018,,GOPR2526.JPG,Still,-41.25523978,174.1794203,Sand and gravel,N/A,This seafloor is composed of sand and gravel. 
189,15/11/2018,,GOPR2540.JPG,Still,-41.25247528,174.17862,Urchin barren with Undaria,N/A,A patch of Undaria seaweed stands among dozens of grazing sea urchins. 
190,15/11/2018,,GOPR2613.JPG,Still,-41.25031152,174.1781734,Unconsolidated substrate and seasonal drift algae,N/A,Seasonal drift algae covers the seafloor composed of unconsolidated substrate (small loose particles) 
191,10/11/2018,,GOPR8711.JPG,Still,-41.07770745,174.2621699,Urchin barren,N/A,"Echinodermata (starfish, sea urchins and sea cucumbers) stand out clearly on the boulders of this urchin barren. "
192,10/11/2018,,GOPR8741.JPG,Still,-41.07704215,174.2623604,Urchin barren,N/A,Dozens of sea urchins sit on the bare rocks of this urchin barren. Predators of sea urchins here include blue cod and rock lobsters. Fishing activity can have a profound effect on marine population dynamics.
193,10/11/2018,,GOPR8780.JPG,Still,-41.03944853,174.286353,Macrycystis,N/A,"A close up of a native Macrocystis pyrifera kelp blade. Kelps like Macrocystis in rocky marine seafloors are important habitat forming species, forming underwater forests."
194,10/11/2018,,GOPR8829.JPG,Still,-41.03929073,174.2868589,Carpophyllum flexosum and Ecklonia,N/A,The brown seaweed Carpophyllum flexuosum and the kelp Ecklonia radiata are an important part of the biodiversity in rocky bottom marine habitats.
195,10/11/2018,,GOPR8850.JPG,Still,-41.0393225,174.2898301,Sediment dominated barren,N/A,An urchin barren with a lot of sediment.
196,10/11/2018,,GOPR8884.JPG,Still,-41.03886213,174.2907189,Ecklonia forest,N/A,Native Ecklonia radiata kelp covers the rocks. Photosynthesis under the water produces organic matter that can enter the coastal marine food web.
197,10/11/2018,,GOPR8951.JPG,Still,-41.06013385,174.2761329,Macrycystis and Undaria,N/A,The native kelp Macrocystis pyrifera and the invasive kelp Undaria pinnatifida are visible here. 
198,10/11/2018,,GOPR8998.JPG,Still,-41.06906618,174.2719424,Carpophyllum flexosum forest,N/A,The camera blurs past a Carpophyllum flexuosum seaweed forest. 
199,10/11/2018,,GOPR9035.JPG,Still,-41.08929262,174.272063,Urchin barren with high sediment cover,N/A,Echinodermata (sea urchins and sea cucumbers) are clearly visible in this urchin barren with a high sediment cover. 
200,10/11/2018,,GOPR9052.JPG,Still,-41.08771367,174.2734873,Bare cobbles and boulders,N/A,This seafloor is composed of bare boulders and cobbles. 
201,10/11/2018,,GOPR9063.JPG,Still,-41.08672102,174.2742402,Caulerpa brownii,N/A,Light hits the bottom of this seafloor carpeted with the native green seaweed Caulerpa brownii.
202,10/11/2018,,GOPR9102.JPG,Still,-41.0861776,174.2743862,Barren with drift algae,N/A,"A barren seafloor with some drift algae. Blue cod, starfish and a sea cucumber are visible. "
203,10/11/2018,,GOPR9130.JPG,Still,-41.08440113,174.2772525,Urchin barren,N/A,An urchin barren such as the one pictured here may be caused by the decline in urchin predators due to fishing.
204,10/11/2018,,GOPR9140.JPG,Still,-41.08343388,174.2803213,Ecklonia forest with Marginariella,N/A,An Ecklonia radiata kelp forest with some Marginariella brown seaweed provides a hiding place for fish and invertebrates. 
205,11/11/2018,,GOPR9240.JPG,Still,-41.06919388,174.2717389,Carpophyllum flexosum and Ecklonia,N/A,Carpophyllum flexuosum and Ecklonia radiata cover the rocks with their blades (the equivalent to leaves on a plant).
206,11/11/2018,,GOPR9286.JPG,Still,-41.10591367,174.3267314,Urchin barren with Galeothrix,N/A,"An urchin barren reveals the presense of the ecosystem engineer Galeolaria hystrix, a tube-building polychaete worm."
207,11/11/2018,,GOPR9312.JPG,Still,-41.10655652,174.326696,Urchin barren,N/A,An urchin barren with no large brown seaweeds to provide cover. 
208,11/11/2018,,GOPR9351.JPG,Still,-41.10685785,174.3272605,Deep reef dominated by invertebrates,N/A,"A reef deep in the water is dominated by the presence of invertebrates, including starfish and sea cucumbers. "
209,11/11/2018,,GOPR9380.JPG,Still,-41.10754297,174.326817,Carpophyllum mashlocarpum fringe,N/A,Fringe habitat composed of the brown seaweed Carpophyllum maschalocarpum. 
210,11/11/2018,,GOPR9411.JPG,Still,-41.10678735,174.3262748,Shallow mash fringe descending to urchin barren and deeper unconsolidated seafloor.,N/A,"On the left in shallow waters, Carpophyllum maschalocarpum makes food for itself using the energy of the sun. Descending, signs of urchin barren are apparent. The seafloor at the bottom is composed of loose, small substrate."
211,11/11/2018,,GOPR9426.JPG,Still,-41.10700057,174.3261392,Urchin barren,N/A,Sea cucumbers and urchins stand out starkly in this barren. Overgrazing by urchins may be one cause of the disapearance of large brown seaweeds.
212,11/11/2018,,GOPR9448.JPG,Still,-41.10663045,174.3257901,Urchin barren with seasonal algae,N/A,An urchin barren lacking the forest-like cover of large attached macroalgae (seaweed). Seasonal algae is visible.
213,11/11/2018,,GOPR9701.JPG,Still,-41.11365942,174.3254593,Urchin barrens,N/A,"Urchin barrens such as this one pictured may be termed alternative states, compared to large brown seaweed forests that contain more biodiversity. "
214,11/11/2018,,GOPR9799.JPG,Still,-41.10079613,174.3078881,Carpophyllum mash fringe and Ecklonia below,N/A,Beautiful Carpophyllum maschalocarpum fringe habitat (at the forefront in this image) with Ecklonia radiata further back. 
